{
  "experiment_name": "exp_007_spy",
  "dataset": "spy_1d.csv",
  "strategy": "trend_following",
  "strategy_parameters": {
    "fast_span": 12,
    "slow_span": 26,
    "adx_period": 14,
    "adx_threshold": 25.0
  },
  "engine_parameters": {
    "initial_capital": 10000.0,
    "risk_per_trade_percentage": 0.01,
    "atr_stop_multiplier": 2.0,
    "atr_period": 14,
    "fee_rate": 0.001,
    "slippage_rate": 0.0005,
    "max_position_fraction": 1.0,
    "trading_days_per_year": 252
  },
  "in_sample_ratio": 0.7,
  "in_sample_metrics": {
    "total_return": 0.050166417889431214,
    "compound_annual_growth_rate": 0.01188526520391342,
    "annualized_sharpe_ratio": 0.389163945850533,
    "maximum_drawdown": -0.05821042889259354,
    "number_of_trades": 12,
    "win_rate": 0.5833333333333334,
    "profit_factor": 3.0114851473491906
  },
  "out_of_sample_metrics": {
    "total_return": 0.060238909598320456,
    "compound_annual_growth_rate": 0.03345031697626255,
    "annualized_sharpe_ratio": 0.9765063250262099,
    "maximum_drawdown": -0.022317858660435425,
    "number_of_trades": 8,
    "win_rate": 0.75,
    "profit_factor": 10.940054095735402
  }
}